Company,Title,Location,Salary,Info,Post date,Company Verified,HR Agency,Reservation
Ektos,"Hardware Developer, інженер-електронік",Дистанційно,Не вказано,https://www.work.ua/jobs/5826304,Не вказано,True,False,False
Япіко,Програміст BAS,Дистанційно,Не вказано,https://www.work.ua/jobs/6597298,Не вказано,True,False,False
AntiSchool Online,Fullstack-розробник (React/Node.js/Next.js),Дистанційно,50 000 – 60 000 грн,https://www.work.ua/jobs/7326175,2025-10-29 19:06:24,True,False,False
Obnova,"Програміст 1С, BAS",Дистанційно,Не вказано,https://www.work.ua/jobs/4895456,2025-10-29 16:59:07,True,False,False
"Рарог, 427-й окремий полк безпілотних систем",Програміст,Вся Україна,50 000 – 70 000 грн,https://www.work.ua/jobs/7082608,Не вказано,True,False,False
"Сузір'я, ГК",Програміст BAS,Дистанційно,Не вказано,https://www.work.ua/jobs/7325404,2025-10-29 16:32:53,True,False,False
Dormeo Home,"Senior Frontend Developer (React.js, Magento 2)",Дистанційно,Не вказано,https://www.work.ua/jobs/6545422,2025-10-29 16:28:02,False,False,False
HYS Enterprise,Intern Front-End Developer (Angular),Дистанційно,Не вказано,https://www.work.ua/jobs/6729502,2025-10-29 16:18:11,True,False,False
FansCRM,Senior PixiJS Developer,Дистанційно,80 000 – 100 000 грн,https://www.work.ua/jobs/5615282,2025-10-29 14:39:44,True,False,False
Piche Ltd,Mid-level .NET Developer,Дистанційно,72 000 – 100 000 грн,https://www.work.ua/jobs/7023205,2025-10-29 14:17:41,False,False,False
CityHost,"PHP Developer (Full Stack, Legacy-проєкти)",Дистанційно,Не вказано,https://www.work.ua/jobs/4161218,2025-10-29 12:02:52,True,False,False
AdKey.Agency,"Android Developer, Team Lead (Senior)",Дистанційно,Не вказано,https://www.work.ua/jobs/7166989,2025-10-29 11:30:38,False,False,False
"Еріар, ТОВ","Fullstack-програміст, AI Automation Developer (Python + React, Telegram, GPT)",Дистанційно,Не вказано,https://www.work.ua/jobs/7322227,2025-10-29 10:06:35,True,False,False
RedHead Family Corporation,Senior Laravel developer,Дистанційно,Не вказано,https://www.work.ua/jobs/6452761,2025-10-29 10:01:16,True,False,False
SpreadLogics,"Reporting, Data Visualization, Automation Specialist",Дистанційно,Не вказано,https://www.work.ua/jobs/7322089,2025-10-29 09:47:32,False,False,False
Акваполіс,Провідний програміст 1С,Дистанційно,90 000 – 120 000 грн,https://www.work.ua/jobs/5011022,2025-10-29 09:44:02,True,False,False
"Комплексне управління бізнес-процесами, ТОВ",Програміст BAF/1С,Дистанційно,30 000 – 90 000 грн,https://www.work.ua/jobs/3280046,2025-10-29 09:39:10,True,False,False
Fort.B2B,Розробник 1C,Дистанційно,50 000 – 80 000 грн,https://www.work.ua/jobs/5557944,2025-10-29 09:32:11,True,False,False
Romaniuk AI,Full-stack програміст,Дистанційно,84 000 – 167 000 грн,https://www.work.ua/jobs/7321948,2025-10-29 09:22:18,True,True,False
92 ОШБр ім. І. Сірка,Програміст,Вся Україна,20 000 – 120 000 грн,https://www.work.ua/jobs/6173695,Не вказано,False,False,False
Varus,"Інженер-програміст, middle Java developer",Дистанційно,Не вказано,https://www.work.ua/jobs/7211035,2025-10-29 06:46:03,True,False,True
Fort.B2B,Розробник 1C,Дистанційно,Не вказано,https://www.work.ua/jobs/7012861,2025-10-29 04:37:02,True,False,False
Dormeo Home,"Senior Backend Developer (Magento 2, PHP)",Дистанційно,Не вказано,https://www.work.ua/jobs/6545404,2025-10-29 01:10:05,False,False,False
"Лобарева А., ФОП",Junior Web Developer,Дистанційно,20 000 – 40 000 грн,https://www.work.ua/jobs/7321687,2025-10-29 00:03:03,False,False,False
Helsi,Middle Business Intelligence Developer (ID 336),Дистанційно,Не вказано,https://www.work.ua/jobs/7321522,2025-10-28 20:44:52,True,False,False
Nix,Middle Full Stack .Net Developer,Дистанційно,Не вказано,https://www.work.ua/jobs/6343717,2025-10-28 18:28:57,False,False,False
"EVA, лінія магазинів",Middle MS SQL Developer,Дистанційно,Не вказано,https://www.work.ua/jobs/7063159,2025-10-28 15:48:24,True,False,False
ANVI,Full Stack Developer,Дистанційно,Не вказано,https://www.work.ua/jobs/7319998,2025-10-28 15:36:08,True,False,False
UncleSolutions,"Python developer, Mentor",Дистанційно,Не вказано,https://www.work.ua/jobs/7319875,2025-10-28 15:19:18,True,False,False
Vega Telecom,Інженер/-ка-програміст/-ка,Дистанційно,Не вказано,https://www.work.ua/jobs/7319647,2025-10-28 14:51:38,True,False,True
4K-Soft,Junior iOS Developer,Дистанційно,Не вказано,https://www.work.ua/jobs/6921763,2025-10-28 14:37:54,True,False,False
"Арти, ООО","Програміст 1C, BAF",Дистанційно,35 000 грн,https://www.work.ua/jobs/4479875,2025-10-28 14:28:10,True,False,False
"Новотест, ООО","Embedded-розробник, інженер-електронщик",Дистанційно,Не вказано,https://www.work.ua/jobs/6623866,2025-10-28 14:12:10,True,False,False
Proxy-Seller,"Strong Middle, Senior Back-end Developer",Дистанційно,80 000 – 220 000 грн,https://www.work.ua/jobs/5343462,2025-10-28 14:06:09,True,False,False
23 ОМБр,Програміст (в/ч),Вся Україна,20 800 – 50 000 грн,https://www.work.ua/jobs/6636724,Не вказано,True,False,False
Dark by Rior,Програміст (BAF),Дистанційно,75 000 – 80 000 грн,https://www.work.ua/jobs/7319203,2025-10-28 13:56:38,True,False,False
Хорошоп,PHP developer,Дистанційно,Не вказано,https://www.work.ua/jobs/7317661,2025-10-28 13:26:22,True,False,False
Rezet,Full Stack developer (JavaScript),Дистанційно,Не вказано,https://www.work.ua/jobs/5991648,2025-10-28 13:01:09,True,False,False
SplendidScore Ukraine,Interactive AR Game Developer,Дистанційно,70 000 – 71 000 грн,https://www.work.ua/jobs/6965575,2025-10-28 12:49:09,True,True,False
Awsmd,Node.js-розробник,Дистанційно,56 000 грн,https://www.work.ua/jobs/7309732,2025-10-28 12:36:28,False,False,False
DevPace,Middle/Middle + .Net developer,Дистанційно,80 000 – 120 000 грн,https://www.work.ua/jobs/6898456,2025-10-28 12:32:08,True,False,False
"Ольвія, корпорація","Розробник (1С, BAS)",Дистанційно,Не вказано,https://www.work.ua/jobs/6790534,2025-10-28 11:25:03,True,False,False
"БусСистем, ТзОВ",PHP Web Developer,Дистанційно,Не вказано,https://www.work.ua/jobs/7237087,2025-10-28 10:58:04,True,False,False
Akkerman Solutions Ukraine,Embedded C++ Software developer,Дистанційно,85 000 – 170 000 грн,https://www.work.ua/jobs/7317196,2025-10-28 10:09:45,True,False,False
Halo Lab,"Python Fullstack developer (FastAPI, React)",Дистанційно,Не вказано,https://www.work.ua/jobs/7295602,2025-10-28 08:38:04,True,False,False
Vchasno Group,Розробник 1С,Дистанційно,Не вказано,https://www.work.ua/jobs/6279104,2025-10-28 08:02:02,True,False,False
"EVA, лінія магазинів",Corezoid developer,Дистанційно,Не вказано,https://www.work.ua/jobs/6930610,2025-10-28 06:56:04,True,False,False
Компанія прихована,Backend-розробник,Дистанційно,70 000 – 100 000 грн,https://www.work.ua/jobs/7264963,2025-10-28 05:19:03,True,False,False
"Омега, ТОВ",Програміст 1C,Дистанційно,Не вказано,https://www.work.ua/jobs/6336070,2025-10-28 05:10:02,True,False,False
SkyFall в/ч 3027 НГУ (Батарея зенітних БпАК),Інженер-програміст БПЛА,Вся Україна,25 000 – 125 000 грн,https://www.work.ua/jobs/6736831,Не вказано,True,False,False
Meest China,Розробник 1C,Дистанційно,Не вказано,https://www.work.ua/jobs/7233403,2025-10-28 05:09:04,True,False,False
Алло,Програміст 1C,Дистанційно,Не вказано,https://www.work.ua/jobs/6703171,2025-10-28 04:38:02,True,False,False
25 Coffee Roasters,Програміст Opencart,Дистанційно,Не вказано,https://www.work.ua/jobs/7204537,2025-10-28 01:57:01,True,False,False
"Сoffeeok, e-commerce company",Програміст 1С,Дистанційно,50 000 грн,https://www.work.ua/jobs/3764239,2025-10-28 01:36:02,True,False,False
Innovation Group,Senior PHP/Symfony Developer to RnD,Дистанційно,Не вказано,https://www.work.ua/jobs/7206664,2025-10-28 01:16:03,True,False,False
Rational Soft,Senior SQL Developer (Automotive Project),Дистанційно,Не вказано,https://www.work.ua/jobs/7108648,2025-10-27 23:26:20,True,False,False
TPE,"Python-розробник (Selenium, Anti-Detect, Proxy)",Дистанційно,Не вказано,https://www.work.ua/jobs/7316566,2025-10-27 22:55:54,False,False,False
TPE,Розробник Golang/Python (скрапінг),Дистанційно,Не вказано,https://www.work.ua/jobs/7316548,2025-10-27 22:37:30,False,False,False
А4,"Програміст 1С, BAS",Дистанційно,Не вказано,https://www.work.ua/jobs/5379047,2025-10-27 19:41:50,True,False,False
Seals Game,Unity 3D програміст,Дистанційно,Не вказано,https://www.work.ua/jobs/7316224,2025-10-27 19:08:39,False,False,False
Plitkashop,"Junior Back-End, Full Stack Developer (PHP, JS)",Дистанційно,28 000 – 40 000 грн,https://www.work.ua/jobs/7316164,2025-10-27 18:47:58,True,False,False
Clickenrent,Налаштувач з підтримки ERP Odoo,Дистанційно,35 000 – 70 000 грн,https://www.work.ua/jobs/7315927,2025-10-27 17:44:17,True,False,False
RedHead Family Corporation,Розробник 1C,Дистанційно,Не вказано,https://www.work.ua/jobs/6008193,2025-10-27 17:16:27,True,False,False
DTEK,"Senior Creatio Business Analyst, Low-Code Developer",Дистанційно,Не вказано,https://www.work.ua/jobs/6636937,2025-10-27 17:15:38,True,False,False
39 ОББпС,Програміст баз даних,Вся Україна,100 000 – 130 000 грн,https://www.work.ua/jobs/7067800,Не вказано,False,False,False
Планета Кіно,Backend developer,Дистанційно,Не вказано,https://www.work.ua/jobs/7315543,2025-10-27 16:58:14,True,False,False
Jeje.com.ua,Програміст BAS,Дистанційно,Не вказано,https://www.work.ua/jobs/7315267,2025-10-27 16:27:06,True,False,False
"Watsons Україна (ДЦ Україна, ТОВ)",BI developer,Дистанційно,Не вказано,https://www.work.ua/jobs/6581074,2025-10-27 16:18:05,True,False,False
Smartdigit,"Middle Android Mobile Developer (Kotlin, Multiplatform, KMM)",Дистанційно,55 000 – 80 000 грн,https://www.work.ua/jobs/6147682,2025-10-27 16:07:36,False,False,False
PNN Soft,Full Stack C#/.Net Developer,Дистанційно,Не вказано,https://www.work.ua/jobs/5213555,2025-10-27 15:47:12,True,False,False
BlockFlow,Flutter Developer,Дистанційно,Не вказано,https://www.work.ua/jobs/7314760,2025-10-27 15:29:22,False,False,False
Foundation Coffee Roasters,Back end developer,Дистанційно,35 000 – 50 000 грн,https://www.work.ua/jobs/7150579,2025-10-27 15:28:17,True,False,False
Piche Ltd,"Team Lead, Front-End Developer",Дистанційно,147 500 – 190 000 грн,https://www.work.ua/jobs/5324195,2025-10-27 14:42:29,False,False,False
Flexus,Unity Developer,Дистанційно,Не вказано,https://www.work.ua/jobs/7174210,2025-10-27 14:29:51,False,False,False
MAUDAU,Програміст 1C,Дистанційно,Не вказано,https://www.work.ua/jobs/7111522,2025-10-27 14:18:21,True,False,False
Lookfort,"Python-розробник, Automation Engineer (B2B інтеграції та автоматизація)",Дистанційно,Не вказано,https://www.work.ua/jobs/7313587,2025-10-27 13:20:27,True,False,False
Innovation Technologies,Програміст 1С,Дистанційно,40 000 – 60 000 грн,https://www.work.ua/jobs/5194257,2025-10-27 12:18:44,True,False,False
"SkyUp, авіакомпанія",App developer,Дистанційно,Не вказано,https://www.work.ua/jobs/7037785,2025-10-27 12:17:55,True,False,False
Bobolinks,"Middle, Senior Full-Stack Developer (Node.js)",Дистанційно,80 000 – 150 000 грн,https://www.work.ua/jobs/6782926,2025-10-27 11:57:03,False,False,False
"Рейд, 17 Полтавська бригада НГУ",Full stack developer,Вся Україна,25 000 – 125 000 грн,https://www.work.ua/jobs/7264828,Не вказано,True,False,False
Zviger LLC,Програміст 1C,Дистанційно,Не вказано,https://www.work.ua/jobs/6353530,2025-10-27 11:49:03,True,False,False
"ІС СІТІ, ТОВ",Middle C# (.NET) Developer,Дистанційно,Не вказано,https://www.work.ua/jobs/6763072,2025-10-27 11:48:02,True,False,False
"Маслова Н.Н., ФЛП",Розробник 1C,Дистанційно,Не вказано,https://www.work.ua/jobs/7060510,2025-10-27 11:46:17,True,False,False
Ozzylogik LTD,Embedded C/C++ developer,Дистанційно,Не вказано,https://www.work.ua/jobs/6888850,2025-10-27 11:08:02,True,False,False
TenThousand,Intern Full-Stack Developer,Дистанційно,Не вказано,https://www.work.ua/jobs/6982510,2025-10-27 11:01:45,False,False,False
Nix,"Middle FullStack, Python Developer",Дистанційно,Не вказано,https://www.work.ua/jobs/6502018,2025-10-27 10:19:36,False,False,False
Nix,Junior Java Developer,Дистанційно,Не вказано,https://www.work.ua/jobs/5833273,2025-10-27 10:14:26,False,False,False
"Діром Ко, ТОВ",Програміст 1C,Дистанційно,Не вказано,https://www.work.ua/jobs/5198736,2025-10-27 10:09:08,True,False,False
Opti,Backend Java Developer (Middle+),Дистанційно,45 000 – 65 000 грн,https://www.work.ua/jobs/7051033,2025-10-27 10:01:42,True,False,False
DevIT Group,Shopify Theme Developer﻿﻿,Дистанційно,50 000 – 63 000 грн,https://www.work.ua/jobs/7228435,2025-10-27 09:50:05,True,False,False
Водаленд,Програміст 1C,Дистанційно,55 000 грн,https://www.work.ua/jobs/5561395,2025-10-27 09:45:05,True,False,False
TAT.ua,Front-end програміст,Дистанційно,40 000 – 50 000 грн,https://www.work.ua/jobs/7286689,2025-10-27 09:35:07,False,False,False
UniTalk,"Java Fullstack Developer (React, AI)",Дистанційно,Не вказано,https://www.work.ua/jobs/7187077,2025-10-27 09:18:41,True,False,False
ПриватБанк,Full Stack (PHP) Developer,Дистанційно,Не вказано,https://www.work.ua/jobs/7200718,2025-10-27 08:26:10,True,False,False
Третя окрема штурмова бригада ЗСУ,"Програміст вбудованих систем (прошивка, алгоритми, налагодження)",Вся Україна,Не вказано,https://www.work.ua/jobs/6271094,Не вказано,True,False,False
Nervous Group,Opencart developer,Дистанційно,Не вказано,https://www.work.ua/jobs/7230082,2025-10-27 08:06:03,False,False,False
"ІС СІТІ, ТОВ",Middle Android Developer,Дистанційно,Не вказано,https://www.work.ua/jobs/7127953,2025-10-27 07:13:03,True,False,False
Innovation Group,Fullstack Golang developer (R&D),Дистанційно,Не вказано,https://www.work.ua/jobs/7202746,2025-10-27 06:20:04,True,False,False
Flo Lux,Middle Full-Stack Developer,Дистанційно,35 000 – 60 000 грн,https://www.work.ua/jobs/6931975,2025-10-27 06:06:06,True,False,False
"МХП, ПрАТ",Програміст К2,Дистанційно,Не вказано,https://www.work.ua/jobs/7286122,2025-10-27 05:56:01,True,False,False
SpaceCrew Finance Company,.NET developer,Дистанційно,Не вказано,https://www.work.ua/jobs/7285642,2025-10-27 04:21:01,True,False,False
6 Weeks Marketing,Full-stack Developer,Дистанційно,30 000 – 60 000 грн,https://www.work.ua/jobs/6927529,2025-10-27 03:45:03,True,False,False
Європейські паливні рішення,Power BI Developer,Дистанційно,Не вказано,https://www.work.ua/jobs/7199266,2025-10-27 03:35:04,True,False,False
Royal Foam US,"Програміст-архітектор Headless-інфраструктури, Full Stack Developer (WordPress)",Дистанційно,45 000 – 60 000 грн,https://www.work.ua/jobs/7310968,2025-10-27 03:33:02,True,False,False
"Алеф, корпоративный департамент персонала","Front-розробник, Desktop-програміст",Дистанційно,Не вказано,https://www.work.ua/jobs/5660559,2025-10-27 03:03:05,True,False,False
Flo Lux,1С Senior developer,Дистанційно,Не вказано,https://www.work.ua/jobs/6768016,2025-10-27 02:56:04,True,False,False
Flo Lux,Senior Full Stack розробник,Дистанційно,Не вказано,https://www.work.ua/jobs/6767815,2025-10-27 01:57:04,True,False,False
DTEK,"IAM Specialist, Developer",Дистанційно,Не вказано,https://www.work.ua/jobs/7079242,2025-10-27 01:32:04,True,False,False
Pethouse,"Middle, Middle+ Front-End Developer",Дистанційно,Не вказано,https://www.work.ua/jobs/7231468,2025-10-27 00:38:04,True,False,False
63 ОМБр,"Програміст засобів РЕБ, військовослужбовець",Вся Україна,20 000 – 60 000 грн,https://www.work.ua/jobs/6269273,Не вказано,True,False,False
ZEZMAN,"BI Developer (Google BigQuery, Power BI, Python)",Дистанційно,Не вказано,https://www.work.ua/jobs/6673396,2025-10-27 00:35:04,True,False,False
Bike Employers,Drupal-програміст,Дистанційно,35 000 грн,https://www.work.ua/jobs/7276687,2025-10-26 16:40:37,False,False,False
"Нова пошта, ТОВ",PHP developer (back-end),Дистанційно,Не вказано,https://www.work.ua/jobs/6299365,2025-10-26 03:06:02,True,False,False
Yellow Recruiting Company,PHP Developer (Yii),Дистанційно,Не вказано,https://www.work.ua/jobs/7174228,2025-10-25 23:24:52,True,True,False
TS Ecom,Shopify Developer (Middle),Дистанційно,42 000 – 50 000 грн,https://www.work.ua/jobs/5843721,2025-10-25 15:25:13,False,False,False
ДІАС Україна,Android-програміст,Дистанційно,Не вказано,https://www.work.ua/jobs/7224793,2025-10-25 14:48:06,True,False,False
AIScreen Inc.,Junior Vue.js-розробник,Дистанційно,21 000 грн,https://www.work.ua/jobs/7214359,2025-10-25 11:54:08,False,False,False
"Кристал Телеком, ТОВ",Fullstack-розробник,Дистанційно,Не вказано,https://www.work.ua/jobs/7188781,2025-10-24 23:41:49,True,False,False
A.M.P Operations Ltd.,IOS Developer (Messaging App Start-Up),Дистанційно,122 095 – 219 771 грн,https://www.work.ua/jobs/7309270,2025-10-24 21:08:05,False,False,False
Білий вітер,"Kotlin Developer (Middle/Senior, Multiplatform)",Дистанційно,140 000 – 240 000 грн,https://www.work.ua/jobs/7309273,2025-10-24 20:10:38,True,False,True
HYS Enterprise,Junior Frontend Developer (Angular),Дистанційно,Не вказано,https://www.work.ua/jobs/7309069,2025-10-24 18:15:07,True,False,False
Starlight Media,Провідний програміст/програмістка BAS ERP,Дистанційно,Не вказано,https://www.work.ua/jobs/6990337,2025-10-24 17:39:03,True,False,False
Ozzylogik LTD,C/C++ developer,Дистанційно,Не вказано,https://www.work.ua/jobs/5652640,2025-10-24 17:17:09,True,False,False
Trendo,Junior PHP Backend Developer,Дистанційно,Не вказано,https://www.work.ua/jobs/7281556,2025-10-24 17:06:06,False,False,False
"Любарт, 20 бригада оперативно призначення НГУ",Розробник Webflow,Вся Україна,25 000 – 125 000 грн,https://www.work.ua/jobs/7196203,Не вказано,True,False,False
Midnight Works,IOS-программист,Дистанційно,Не вказано,https://www.work.ua/jobs/6285665,2025-10-24 13:45:04,False,False,False
InternetDevels,Програміст BAS,Дистанційно,Не вказано,https://www.work.ua/jobs/7306918,2025-10-24 13:00:06,True,False,False
Inango Ukraine,"DevOPS, Python Developer",Дистанційно,49 000 – 79 000 грн,https://www.work.ua/jobs/6675580,2025-10-24 12:04:20,True,False,False
"AMZ, Recruiting Agency",Middle Node.js Developer,Дистанційно,Не вказано,https://www.work.ua/jobs/6937690,2025-10-24 10:48:02,False,True,False
ТехМін,Fullstack-розробник,Дистанційно,Не вказано,https://www.work.ua/jobs/6442231,2025-10-24 10:46:06,True,False,False
TraffBand,WordPress Developer (Full-Stack),Дистанційно,80 000 – 100 000 грн,https://www.work.ua/jobs/7102714,2025-10-24 10:33:08,True,False,False
Eleonsoft,"Trainee Fullstack Developer (.NET, C#, Angular, стажер)",Дистанційно,Не вказано,https://www.work.ua/jobs/6955405,2025-10-24 10:25:09,False,False,False
Midnight Works,Unity developer,Дистанційно,Не вказано,https://www.work.ua/jobs/5630954,2025-10-24 10:21:38,False,False,False
Midnight Works,Unreal Engine Game Developer,Дистанційно,Не вказано,https://www.work.ua/jobs/5631168,2025-10-24 10:21:31,False,False,False
WOW Corporation,Програміст PHP (Full stack),Дистанційно,Не вказано,https://www.work.ua/jobs/5824090,2025-10-24 09:53:11,True,False,False
EBS,"Сервіс-інженер, молодший програміст BAS",Дистанційно,Не вказано,https://www.work.ua/jobs/5366100,2025-10-24 09:45:09,True,False,True
Halo Lab,"Fullstack developer (Node.js, React.js)",Дистанційно,Не вказано,https://www.work.ua/jobs/5259324,2025-10-24 08:07:02,True,False,False
Франч,"Web-дизайнер, webflow developer",Дистанційно,35 000 грн,https://www.work.ua/jobs/4878182,2025-10-24 07:51:05,False,False,False
Web Design Sun,Middle Shopify Developer,Дистанційно,Не вказано,https://www.work.ua/jobs/6959551,2025-10-24 06:31:04,False,False,False
"Любарт, 20 бригада оперативно призначення НГУ",Програміст,Вся Україна,25 000 – 125 000 грн,https://www.work.ua/jobs/7196164,Не вказано,True,False,False
N5Bank,"Full stack developer (Node.js, Next.js, Phyton, Vibe code)",Дистанційно,20 000 – 40 000 грн,https://www.work.ua/jobs/6591691,2025-10-24 06:15:05,False,False,False
Admix Global,WordPress Developer,Дистанційно,Не вказано,https://www.work.ua/jobs/7220275,2025-10-24 04:34:05,True,False,False
Adducates,PHP-розробник (Junior/Middle),Дистанційно,Не вказано,https://www.work.ua/jobs/5111108,2025-10-24 04:08:02,True,False,False
Elmir,Програміст 1С 7.7,Дистанційно,50 000 – 68 000 грн,https://www.work.ua/jobs/7280293,2025-10-24 01:29:03,True,False,False
"UNIVERSALNA, страхова компанія",Розробник на платформі BAF (BAS-конфігурації),Дистанційно,Не вказано,https://www.work.ua/jobs/7126819,2025-10-24 00:59:02,True,False,False
Fluir,"Backend-програміст (PHP, Laravel)",Дистанційно,48 000 – 82 000 грн,https://www.work.ua/jobs/7304872,2025-10-23 18:32:20,False,False,False
Play Fusion Labs,Unity Developer (Web Multiplayer Projects),Дистанційно,40 000 – 60 000 грн,https://www.work.ua/jobs/7304794,2025-10-23 18:12:23,True,False,False
Playtender,"Senior Full Stack Developer (PHP, Vue 3)",Дистанційно,Не вказано,https://www.work.ua/jobs/7304695,2025-10-23 17:51:09,True,False,False
"Plexsupply, Inc",Middle Java developer,Дистанційно,50 000 – 67 000 грн,https://www.work.ua/jobs/6601003,2025-10-23 17:41:57,False,False,False
ITDev Team,WordPress developer (Full-stack),Дистанційно,Не вказано,https://www.work.ua/jobs/7089109,2025-10-23 17:29:10,True,False,False
Redlab,Frontend developer,Дистанційно,Не вказано,https://www.work.ua/jobs/4908235,2025-10-23 16:27:24,True,False,False
Перший Український Міжнародний Банк (ПУМБ),Розробник Corezoid,Дистанційно,Не вказано,https://www.work.ua/jobs/7303972,2025-10-23 15:56:42,True,False,False
Loxxter,"Senior Full-Stack Developer (Frontend, Backend)",Дистанційно,Не вказано,https://www.work.ua/jobs/7165033,2025-10-23 13:48:58,False,False,False
"SkyUp, авіакомпанія","Power BI Developer, Engineer",Дистанційно,Не вказано,https://www.work.ua/jobs/7247260,2025-10-23 12:30:11,True,False,False
"Nemesis, 412 окремий полк безпілотних систем (СБС)",Senior Rust-розробник (військова служба),Вся Україна,50 000 – 120 000 грн,https://www.work.ua/jobs/7315585,Не вказано,True,False,False
"Самойлюк М.О., ФОП",Front End Developer (HTML/CSS/JavaScript + PHP),Дистанційно,50 000 – 85 000 грн,https://www.work.ua/jobs/7302262,2025-10-23 12:23:57,True,True,False
"Андрєєва Р.А., ФОП",PHP Developer,Дистанційно,Не вказано,https://www.work.ua/jobs/6372745,2025-10-23 12:21:21,True,False,False
"Системи обслуговування бізнесу, ТОВ","Програміст 1C (BAS, MS SQL)",Дистанційно,40 000 – 60 000 грн,https://www.work.ua/jobs/5540697,2025-10-23 12:09:46,True,False,False
Validev,Middle WordPress Full-Stack Developer,Дистанційно,Не вказано,https://www.work.ua/jobs/7302139,2025-10-23 12:07:35,True,False,False
Золотий Вік,"Програміст (BAS, BAF)",Дистанційно,Не вказано,https://www.work.ua/jobs/7241251,2025-10-23 12:07:09,True,False,False
Wyzbox,Front-end developer (e-commerce),Дистанційно,75 000 – 100 000 грн,https://www.work.ua/jobs/7120294,2025-10-23 11:39:00,False,False,False
"Аврора, мультимаркет",Developer,Дистанційно,Не вказано,https://www.work.ua/jobs/6219764,2025-10-23 10:56:03,True,False,False
EZdorovya,Розробник PHP,Дистанційно,55 000 – 65 000 грн,https://www.work.ua/jobs/7301293,2025-10-23 10:24:56,True,False,False
UncleSolutions,"Junior Full-stack програміст (React, Next.js, Node.js)",Дистанційно,21 000 – 62 500 грн,https://www.work.ua/jobs/7085101,2025-10-23 09:55:53,True,False,False
Collaborator.pro,"Strong Middle, Senior Backend Developer",Дистанційно,Не вказано,https://www.work.ua/jobs/7172308,2025-10-23 09:24:07,True,False,False
Nix,Middle Golang Developer,Дистанційно,Не вказано,https://www.work.ua/jobs/6412951,2025-10-23 06:40:02,False,False,False
"Crema Caffe, сеть кофеен","CEO, бізнес-developer (Web3-проєкт)",Дистанційно,30 000 – 90 000 грн,https://www.work.ua/jobs/7295536,2025-10-23 06:36:37,True,False,False
Collaborator.pro,"Strong Middle, Senior Full Stack Developer PHP, React",Дистанційно,Не вказано,https://www.work.ua/jobs/7173250,2025-10-23 04:44:03,True,False,False
Health24,Розробник Javascript,Дистанційно,25 000 грн,https://www.work.ua/jobs/7245004,2025-10-23 04:08:03,True,False,False
6 центр рекрутингу Сил Безпілотних Систем,Програміст нейронних мереж,Вся Україна,50 000 грн,https://www.work.ua/jobs/7315450,Не вказано,True,False,False
Context Profi,API Developer,Дистанційно,30 000 грн,https://www.work.ua/jobs/7300768,2025-10-23 02:22:25,True,False,False
Камала Софт,Програміст BAS (1С:Підприємство),Дистанційно,50 000 – 90 000 грн,https://www.work.ua/jobs/3533409,2025-10-23 02:22:04,True,False,False
AdFinem,"Backend Developer (Node.js, PHP)",Дистанційно,Не вказано,https://www.work.ua/jobs/7300753,2025-10-23 01:13:53,False,False,False
Wanted,"Senior Backend Developer (PHP, Symfony)",Дистанційно,Не вказано,https://www.work.ua/jobs/7273270,2025-10-23 00:49:04,True,True,False
"dZENcode, IT-Company","Vue JS developer (Strong Junior, Middle)",Дистанційно,20 000 – 45 000 грн,https://www.work.ua/jobs/4241166,2025-10-22 22:24:25,True,False,False
"dZENcode, IT-Company","Python developer (Strong Junior, Middle)",Дистанційно,25 000 – 65 000 грн,https://www.work.ua/jobs/4438564,2025-10-22 22:23:57,True,False,False
"dZENcode, IT-Company","Node.js developer (Strong Junior, Middle)",Дистанційно,25 000 – 65 000 грн,https://www.work.ua/jobs/4205362,2025-10-22 21:23:14,True,False,False
"Масаві, видавничий дім","Strong Middle/Senior Backend Developer (Laravel, AI-інтеграції)",Дистанційно,70 000 – 100 000 грн,https://www.work.ua/jobs/7300414,2025-10-22 19:09:49,True,False,False
PixFuture Media,Backend Developer (Senior),Дистанційно,110 000 – 200 000 грн,https://www.work.ua/jobs/7295926,2025-10-21 20:08:22,True,False,False
Dizair Software,Middle Python (Django) Backend Developer,Дистанційно,57 000 – 82 000 грн,https://www.work.ua/jobs/7295608,2025-10-21 18:05:04,False,False,False
Zagroza digital agency,Middle Node.js Developer,Дистанційно,50 000 – 80 000 грн,https://www.work.ua/jobs/5153572,2025-10-21 17:11:06,True,False,False
Syteca,Web developer,Дистанційно,Не вказано,https://www.work.ua/jobs/7293187,2025-10-21 14:14:50,False,False,False
Skynix,"Backend, PHP Developer (YII)",Дистанційно,Не вказано,https://www.work.ua/jobs/5298265,2025-10-21 12:05:03,True,False,False
"Шлюз О. Р., ФОП",Junior React Native розробник,Дистанційно,60 000 грн,https://www.work.ua/jobs/7290982,2025-10-21 11:11:18,False,False,False
6 центр рекрутингу Сил Безпілотних Систем,Embedded-програміст,Вся Україна,50 000 грн,https://www.work.ua/jobs/7315441,Не вказано,True,False,False
"Бойченко М.С., ФОП",Програміст django,Дистанційно,41 500 – 124 500 грн,https://www.work.ua/jobs/7290940,2025-10-21 11:07:43,True,False,False
SoftUp,"Програміст 1С, BAS",Дистанційно,60 000 – 100 000 грн,https://www.work.ua/jobs/5569295,2025-10-21 10:05:46,True,False,False
AFKI,Flutter developer,Дистанційно,100 000 – 120 000 грн,https://www.work.ua/jobs/7289485,2025-10-20 20:22:24,False,False,False
"Ковальчук Л.М., ФОП",Unity 3D Mobile Game Developer,Дистанційно,30 000 грн,https://www.work.ua/jobs/5889014,2025-10-20 19:10:38,True,False,False
ISpace,Розробник 1C,Дистанційно,Не вказано,https://www.work.ua/jobs/7288003,2025-10-20 16:03:45,True,False,False
Mainflow,Middle Webflow Developer,Дистанційно,Не вказано,https://www.work.ua/jobs/7287781,2025-10-20 15:42:39,False,False,False
Всеукраїнські системи управління,"Програміст 1C, BAS",Дистанційно,Не вказано,https://www.work.ua/jobs/6125788,2025-10-20 14:35:14,True,False,False
DevIT Group,"Full Stack Web developer (React, Node.js)",Дистанційно,65 000 – 84 000 грн,https://www.work.ua/jobs/7287139,2025-10-20 14:30:42,True,False,False
"Бахмат А.О., ФОП",Middle React Developer,Дистанційно,65 000 – 100 000 грн,https://www.work.ua/jobs/7286803,2025-10-20 13:58:26,True,False,False
Bxnda.com,"Next.js-розробник (Cursor, Backend)",Дистанційно,80 000 – 100 000 грн,https://www.work.ua/jobs/7286458,2025-10-20 13:20:37,False,False,False
"Зарічук М.Г., ФОП",Розробник 1C,Дистанційно,80 000 – 96 000 грн,https://www.work.ua/jobs/7286374,2025-10-20 13:13:13,False,False,False
MX Studio,"Програміст (PHP, Laravel)",Дистанційно,40 000 – 70 000 грн,https://www.work.ua/jobs/3904342,2025-10-20 12:14:13,True,False,False
Obsessive lingerie,"Програміст з вигруження файлів, системний адміністратор",Дистанційно,Не вказано,https://www.work.ua/jobs/7075720,2025-10-20 11:46:10,True,False,False
Мобіл-авто,"Full Stack, Web developer (Node.js, React)",Дистанційно,32 000 – 80 000 грн,https://www.work.ua/jobs/5373880,2025-10-20 10:51:26,True,False,False
6 центр рекрутингу Сил Безпілотних Систем,"Програміст С, С++, Python",Вся Україна,50 000 грн,https://www.work.ua/jobs/7315354,Не вказано,True,False,False
АВ-Софт,Програміст 1C,Дистанційно,50 000 – 90 000 грн,https://www.work.ua/jobs/5574102,2025-10-20 07:32:29,True,False,False
"Школа Героїв, БФ",IOS-програміст,Дистанційно,60 000 – 100 000 грн,https://www.work.ua/jobs/6098001,2025-10-20 03:25:43,True,False,False
"Школа Героїв, БФ",Android-програміст,Дистанційно,60 000 – 100 000 грн,https://www.work.ua/jobs/6097998,2025-10-20 03:25:36,True,False,False
"Школа Героїв, БФ",Front-end програміст,Дистанційно,Не вказано,https://www.work.ua/jobs/6097962,2025-10-20 03:25:28,True,False,False
"Школа Героїв, БФ",Back-end програміст,Дистанційно,60 000 – 100 000 грн,https://www.work.ua/jobs/6097989,2025-10-20 03:25:16,True,False,False
HighCraft.io,Middle Full Stack .NET developer,Дистанційно,65 000 – 90 000 грн,https://www.work.ua/jobs/6502912,2025-10-20 01:20:06,True,False,False
This is Software,"Middle Full Stack Developer (React, Node.js)",Дистанційно,Не вказано,https://www.work.ua/jobs/7283014,2025-10-19 13:10:58,False,False,False
This is Software,"Junior Full Stack Developer (React, Node.js)",Дистанційно,Не вказано,https://www.work.ua/jobs/7282975,2025-10-19 12:31:56,False,False,False
Pavlyk,Програміст BAS ERP,Дистанційно,Не вказано,https://www.work.ua/jobs/6958480,2025-10-18 12:35:39,True,False,False
Bitslap.it,Full-stack developer for a startup (intern),Дистанційно,Не вказано,https://www.work.ua/jobs/5122358,2025-10-18 12:26:22,False,False,False
WebComplete,WordPress-розробник,Дистанційно,Не вказано,https://www.work.ua/jobs/4901568,2025-10-18 11:53:49,False,False,False
Revive&Thrive,"Верстальник, Frontend-розробник",Дистанційно,10 000 – 30 000 грн,https://www.work.ua/jobs/7281895,2025-10-17 22:17:52,True,False,False
Bitco,Middle PHP developer,Дистанційно,80 000 грн,https://www.work.ua/jobs/6451066,2025-10-17 20:25:47,False,False,False
DevCube,.NET Developer for Biotechnology Systems,Дистанційно,120 250 – 133 500 грн,https://www.work.ua/jobs/7281565,2025-10-17 18:19:19,False,False,False
6 центр рекрутингу Сил Безпілотних Систем,Спеціаліст з моделювання та симуляції,Вся Україна,50 000 грн,https://www.work.ua/jobs/7315336,Не вказано,True,False,False
Recruitme.club,Junior Android Developer,Дистанційно,Не вказано,https://www.work.ua/jobs/7281409,2025-10-17 17:41:54,False,True,False
"Codelibry (Омельченко В.О., ФОП)",Програміст WordPress,Дистанційно,35 000 – 45 000 грн,https://www.work.ua/jobs/6018588,2025-10-17 16:11:55,True,False,False
SIA Efumo SSC,PHP developer,Дистанційно,52 000 – 79 000 грн,https://www.work.ua/jobs/6007614,2025-10-17 15:11:27,False,False,False
Interactivity,Розробник гібридних мобільних додатків (Hybrid Mobile App developer),Дистанційно,Не вказано,https://www.work.ua/jobs/7124536,2025-10-17 13:22:05,True,False,False
"Alpha Dominant Plus, Limited Liability",WordPress-розробник (інтерн),Дистанційно,Не вказано,https://www.work.ua/jobs/7279129,2025-10-17 13:06:29,False,False,False
Fernir,Javascript developer (стажер),Дистанційно,Не вказано,https://www.work.ua/jobs/6689842,2025-10-17 10:06:00,True,False,False
T3D,"Frontend Developer (Javascript, React, стажер)",Дистанційно,Не вказано,https://www.work.ua/jobs/7277113,2025-10-17 01:24:38,True,False,False
Blend,PHP Backend developer,Дистанційно,Не вказано,https://www.work.ua/jobs/7276972,2025-10-16 21:44:22,False,False,False
Freedesstudio,"WordPress Developer (Middle, Senior)",Дистанційно,Не вказано,https://www.work.ua/jobs/7276045,2025-10-16 16:37:17,True,False,False
App-shake,"Full Stack Developer (React/NestJS, E-Commerce Raffle Platform)",Дистанційно,100 000 грн,https://www.work.ua/jobs/7275982,2025-10-16 16:30:30,False,False,False
Qwerty-soft,"Full Stack, WordPress developer (Middle+)",Дистанційно,42 000 – 52 000 грн,https://www.work.ua/jobs/6464650,2025-10-16 14:10:44,False,False,False
"Jungle, кав'ярня","Kotlin, Android-розробник",Дистанційно,20 000 – 25 000 грн,https://www.work.ua/jobs/7274035,2025-10-16 12:28:03,False,False,False
Tern agency,IOS-розробник утиліт,Дистанційно,30 000 – 45 000 грн,https://www.work.ua/jobs/7272028,2025-10-15 21:42:57,True,False,False
"dZENcode, IT-Company",".Net-разработчик (Strong Junior, Middle)",Дистанційно,20 000 – 45 000 грн,https://www.work.ua/jobs/4396301,2025-10-15 19:07:50,True,False,False
"Хартія, 13-та БрОП НГУ","Програміст, військовослужбовець",Вся Україна,25 000 – 125 000 грн,https://www.work.ua/jobs/6534148,Не вказано,True,False,False
Atlas Partners,"Lead Engineer, Chief Developer",Дистанційно,Не вказано,https://www.work.ua/jobs/7270843,2025-10-15 16:34:09,False,False,False
UncleSolutions,Strong Junior Python Developer,Дистанційно,42 000 – 63 000 грн,https://www.work.ua/jobs/7270507,2025-10-15 16:03:12,True,False,False
Webnorth ApS,"WordPress, Full Stack Senior Developer",Дистанційно,159 000 – 208 700 грн,https://www.work.ua/jobs/7269760,2025-10-15 14:49:40,True,False,False
GS4B (Global Solutions for your Business),"Middle PHP Developer, Node.js",Дистанційно,Не вказано,https://www.work.ua/jobs/3811482,2025-10-15 12:02:10,True,False,False
Евсесвіт,Програміст BAS,Дистанційно,80 000 – 100 000 грн,https://www.work.ua/jobs/6127564,2025-10-15 10:56:18,True,False,False
Fitofan,Front-End Developer (Next.js),Дистанційно,40 000 – 60 000 грн,https://www.work.ua/jobs/7266850,2025-10-15 05:33:53,False,False,False
EcomSolutions,Senior Electron Developer,Дистанційно,140 000 – 180 000 грн,https://www.work.ua/jobs/7266808,2025-10-15 00:15:44,False,False,False
Fluir,Android-розробник (Kotlin),Дистанційно,20 000 – 40 000 грн,https://www.work.ua/jobs/7266631,2025-10-14 21:39:29,False,False,False
MІН10ІКС,PHP developer,Дистанційно,Не вказано,https://www.work.ua/jobs/7265557,2025-10-14 16:41:03,True,False,False
Coures,Python developer,Дистанційно,Не вказано,https://www.work.ua/jobs/7265107,2025-10-14 15:55:35,True,False,False
EMiS,Розробник штучного інтелекту,Дистанційно,60 000 грн,https://www.work.ua/jobs/6637855,2025-10-14 15:49:03,True,False,False
Dots mobile,IOS Developer (Swift/SwiftUI),Дистанційно,60 000 – 100 000 грн,https://www.work.ua/jobs/6967441,2025-10-14 14:43:32,False,False,False
Adtelligent,Golang developer,Дистанційно,Не вказано,https://www.work.ua/jobs/7261921,2025-10-14 10:19:22,True,False,False
MacroGlide,Front-end програміст,Дистанційно,10 000 – 25 000 грн,https://www.work.ua/jobs/7060768,2025-10-13 22:00:55,False,False,False
"Азов, 12-та бригада спеціального призначення НГУ",Розробник Wordpress,Вся Україна,27 000 – 127 000 грн,https://www.work.ua/jobs/6482155,Не вказано,True,False,False
"Овчаренко Б.Ю., ФОП",Python Developer,Дистанційно,45 000 – 65 000 грн,https://www.work.ua/jobs/7260931,2025-10-13 20:53:16,True,False,False
EzTechTonic,"Інтегратор, n8n/JavaScript Developer",Дистанційно,60 000 – 120 000 грн,https://www.work.ua/jobs/7260490,2025-10-13 18:01:44,False,False,False
OnLifeTime,Social Media Chatbot Developer,Дистанційно,20 000 – 60 000 грн,https://www.work.ua/jobs/7260388,2025-10-13 17:41:53,True,False,False
FTD Company,Full-Stack Developer (Crypto/Automation/Telegram Bots),Дистанційно,25 000 – 70 000 грн,https://www.work.ua/jobs/7260106,2025-10-13 17:08:50,True,False,False
Out of the Box Systems,"Front-End, Interactive Developer",Дистанційно,Не вказано,https://www.work.ua/jobs/6848197,2025-10-13 16:12:41,False,False,False
Fluir,"IOS-розробник (Swift, UI Kit)",Дистанційно,40 000 – 45 000 грн,https://www.work.ua/jobs/7258126,2025-10-13 14:01:07,False,False,False
Systemer agency,"Інтегратор CRM, розробник чат-ботів",Дистанційно,25 000 – 30 000 грн,https://www.work.ua/jobs/7257901,2025-10-13 13:31:55,True,False,False
Awery Aviation Software,Full stack developer,Дистанційно,Не вказано,https://www.work.ua/jobs/5270059,2025-10-13 12:26:20,True,False,False
Extrums,WordPress Developer,Дистанційно,62 250 – 124 500 грн,https://www.work.ua/jobs/6126460,2025-10-13 12:24:34,True,False,False
Avis Digital Studio,"Web developer (Frontend, зі знанням CMS WordPress)",Дистанційно,33 000 – 42 000 грн,https://www.work.ua/jobs/7063429,2025-10-13 10:42:10,True,False,False
DevIT Group,Shopify Theme Developer﻿﻿,Дистанційно,50 000 – 63 000 грн,https://www.work.ua/jobs/7255918,2025-10-13 09:43:20,True,False,False
"Split Development, LLC",Shopify Developer,Дистанційно,29 000 – 44 000 грн,https://www.work.ua/jobs/4920020,2025-10-12 14:40:13,True,False,False
NarsCars,Python Developer (Odoo),Дистанційно,Не вказано,https://www.work.ua/jobs/6171484,2025-10-11 22:09:58,True,False,False
Rivo.Agency,WordPress-розробник,Дистанційно,Не вказано,https://www.work.ua/jobs/3594900,2025-10-11 00:34:31,True,False,False
"Nemesis, 412 окремий полк безпілотних систем (СБС)","Middl, JS Full Stack developer",Вся Україна,50 000 – 120 000 грн,https://www.work.ua/jobs/6855469,Не вказано,True,False,False
BSX,"Middle iOS Developer (Swift, Mobile Apps)",Дистанційно,Не вказано,https://www.work.ua/jobs/7253377,2025-10-10 18:09:42,True,False,False
Bazhane BTQ,Middle Full Stack Developer,Дистанційно,Не вказано,https://www.work.ua/jobs/7253314,2025-10-10 17:54:53,True,False,False
Kassavirtanen Oy,Back end developer,Дистанційно,Не вказано,https://www.work.ua/jobs/4829375,2025-10-10 17:42:05,False,False,False
Piche Ltd,Junior Python Developer,Дистанційно,42 000 грн,https://www.work.ua/jobs/7040299,2025-10-10 16:25:32,False,False,False
PintaWebWare,React native developer,Дистанційно,Не вказано,https://www.work.ua/jobs/4281925,2025-10-10 15:18:30,True,False,False
Xtheta Consulting,Middle Shopify Full Stack Developer,Дистанційно,Не вказано,https://www.work.ua/jobs/7251577,2025-10-10 14:07:45,False,False,False
It Marketing Ukraine,"Opencart Developer (аутсорсинг задач, створення і доробка сайтів)",Дистанційно,Не вказано,https://www.work.ua/jobs/5747951,2025-10-10 14:06:07,True,False,False
Xtheta Consulting,Senior Shopify Full Stack Developer,Дистанційно,Не вказано,https://www.work.ua/jobs/7251559,2025-10-10 14:04:31,False,False,False
Dots mobile,"IOS Developer (Swift, SwiftUI)",Дистанційно,40 000 – 60 000 грн,https://www.work.ua/jobs/7251424,2025-10-10 13:51:18,False,False,False
"Alpha Dominant Plus, Limited Liability","Team Lead Developer, керівник ІТ-відділу",Дистанційно,Не вказано,https://www.work.ua/jobs/7251421,2025-10-10 13:42:53,False,False,False
Mirko,"Middle PHP (Symfony, Laravel) Developer",Дистанційно,40 000 – 100 000 грн,https://www.work.ua/jobs/3912641,2025-10-10 13:13:49,True,False,False
GrandMA Studios,"Програміст ігрової логіки, скриптер",Дистанційно,Не вказано,https://www.work.ua/jobs/5311073,2025-10-10 13:04:58,True,False,False
"Водяницька Ю. В., ФОП",Frontend Developer,Дистанційно,45 000 грн,https://www.work.ua/jobs/7118635,2025-10-10 11:46:21,False,False,False
"Новоженов І. Г., ФОП",Розробник сайтів,Дистанційно,40 000 грн,https://www.work.ua/jobs/7119637,2025-10-10 11:44:40,False,False,False
6 центр рекрутингу Сил Безпілотних Систем,Embedded-програміст,Вся Україна,52 000 грн,https://www.work.ua/jobs/7182922,Не вказано,True,False,False
Smart Industry Group,PLC programmer,Дистанційно,40 000 – 100 000 грн,https://www.work.ua/jobs/5283056,2025-10-10 09:46:46,True,False,False
Charity Lab Foundation,Unity C# AR Developer (волонтерство),Дистанційно,Не вказано,https://www.work.ua/jobs/6375391,2025-10-09 15:55:14,True,False,False
Light Games Team,Unity3D С# developer,Дистанційно,32 000 – 82 000 грн,https://www.work.ua/jobs/3347726,2025-10-09 15:11:44,False,False,False
"Праздникова Р. Є., ФОП",Backend developer,Дистанційно,90 000 – 120 000 грн,https://www.work.ua/jobs/7112245,2025-10-09 12:38:20,False,False,False
"dZENcode, IT-Company",Розробник мобільних застосунків (Middle React Native),Дистанційно,37 500 – 82 500 грн,https://www.work.ua/jobs/5698346,2025-10-09 10:45:12,True,False,False
Context Profi,Розробник API-інтеграцій,Дистанційно,26 000 грн,https://www.work.ua/jobs/7244350,2025-10-08 22:59:28,True,False,False
ДБО Софт,IOS developer,Дистанційно,Не вказано,https://www.work.ua/jobs/471090,2025-10-08 21:51:14,True,False,False
Dots mobile,"React Native Developer (Expo, Bare)",Дистанційно,60 000 – 80 000 грн,https://www.work.ua/jobs/7244206,2025-10-08 21:03:49,False,False,False
"RichSubs, Sp. z o.o.",Flutter-розробник,Дистанційно,28 000 – 80 000 грн,https://www.work.ua/jobs/7244002,2025-10-08 19:30:40,True,False,False
SeeTree,Software developer,Дистанційно,Не вказано,https://www.work.ua/jobs/6501541,2025-10-08 15:22:21,True,False,False
"BA Group, IT-компанія","Програміст 1С, BAF",Дистанційно,60 000 – 80 000 грн,https://www.work.ua/jobs/5832195,2025-10-08 14:13:28,True,False,False
Context Profi,Junior API Developer,Дистанційно,25 000 грн,https://www.work.ua/jobs/7152496,2025-10-08 01:57:05,True,False,False
XDev,"Бізнес-аналітик (платформа Сreatiо, BA), Low-Code Developer",Дистанційно,Не вказано,https://www.work.ua/jobs/7238488,2025-10-07 19:30:30,True,False,False
XDev,Розробник (платформа Creatio),Дистанційно,Не вказано,https://www.work.ua/jobs/7238425,2025-10-07 18:56:21,True,False,False
"Артан, спецпідрозділ ГУР МО",Інженер-розробник роботизованих систем,Вся Україна,45 000 – 170 000 грн,https://www.work.ua/jobs/7313869,Не вказано,True,False,False
"Елвін Шоп, ТОВ","Junior Full-Stack Web-Developer (PHP, Laravel, React, SCSS)",Дистанційно,35 000 – 42 000 грн,https://www.work.ua/jobs/7238077,2025-10-07 17:43:08,True,False,False
Dots mobile,Flutter Developer,Дистанційно,30 000 – 60 000 грн,https://www.work.ua/jobs/6811117,2025-10-07 16:04:10,False,False,False
To Double,"Junior Developer (Java, React)",Дистанційно,Не вказано,https://www.work.ua/jobs/7236619,2025-10-07 15:07:39,False,False,False
AEstAR,React-розробник,Дистанційно,60 000 – 80 000 грн,https://www.work.ua/jobs/7128148,2025-10-07 11:26:19,True,False,False
E.S.D of Mindconnect,"Strong Junior Fullstack developer (jQuery, PHP)",Дистанційно,30 000 – 35 000 грн,https://www.work.ua/jobs/6668929,2025-10-07 09:24:02,True,False,False
Dreamvention,"Middle Front-End Developer (Nuxt. JS, TypeScript, Clean/Slice Architecture)",Дистанційно,40 000 – 60 000 грн,https://www.work.ua/jobs/6499651,2025-10-06 23:31:30,False,False,False
"Alternativa, Engineering agency","Програміст, Full stack, Web developer",Дистанційно,60 000 грн,https://www.work.ua/jobs/4803697,2025-10-06 21:19:35,True,True,False
Dinamicka Development,"Full-stack Developer﻿ (PHP, Laravel)",Дистанційно,Не вказано,https://www.work.ua/jobs/3940506,2025-10-06 19:51:35,True,False,False
Svitbus,AI Automation specialist,Дистанційно,Не вказано,https://www.work.ua/jobs/7232425,2025-10-06 19:29:13,True,False,False
Ubermensch Agency,"WordPress Developer, UI/UX Designer, програміст",Дистанційно,40 000 – 80 000 грн,https://www.work.ua/jobs/7231156,2025-10-06 16:24:32,False,False,False
SoftSprint,"Junior, Middle PHP developer (Full Stack)",Дистанційно,Не вказано,https://www.work.ua/jobs/4777516,2025-10-06 16:16:16,True,False,False
Svitbus,FullStack-розробник (Yii2),Дистанційно,Не вказано,https://www.work.ua/jobs/7230787,2025-10-06 15:57:06,True,False,False
4K-Soft,Strong Junior FullStack Web Developer,Дистанційно,Не вказано,https://www.work.ua/jobs/5647016,2025-10-06 13:47:35,True,False,False
Learn to Earn Global,Розробник інтелектуальних систем,Дистанційно,30 000 – 70 000 грн,https://www.work.ua/jobs/7229419,2025-10-06 13:44:07,True,False,False
Батальйон безпілотних систем FATUM 60 ОМБр,Інженер-програміст БПЛА (R&D),Вся Україна,50 000 – 120 000 грн,https://www.work.ua/jobs/7311181,Не вказано,False,False,False
New.biz.ua,"Developer Microsoft Power Platform, API-інтегратор (Junior)",Дистанційно,Не вказано,https://www.work.ua/jobs/7228426,2025-10-06 12:03:41,True,False,False
"Вакстрейд, ТОВ","Програміст 1C, BAS",Дистанційно,40 000 – 50 000 грн,https://www.work.ua/jobs/6980584,2025-10-06 11:42:47,True,False,False
BJet,Odoo/Python Developer,Дистанційно,Не вказано,https://www.work.ua/jobs/6228917,2025-10-06 10:14:32,False,False,False
"Staffman, LLC",Senior Backend developer (Node.js),Дистанційно,190 000 – 250 000 грн,https://www.work.ua/jobs/7091857,2025-10-06 09:37:56,True,True,False
Apelvil,Розробник BAS,Дистанційно,35 000 – 100 000 грн,https://www.work.ua/jobs/4773680,2025-10-06 08:51:38,True,False,False
Inmarket Australia,Middle Full-stack PHP developer,Дистанційно,50 000 – 81 500 грн,https://www.work.ua/jobs/7225615,2025-10-05 05:38:39,False,False,False
"Петров В.В., ФОП",Junior Java developer (trainee),Дистанційно,15 000 – 25 000 грн,https://www.work.ua/jobs/7069966,2025-10-04 21:13:07,False,False,False
GeekGroup,.NET Developer,Дистанційно,40 000 – 120 000 грн,https://www.work.ua/jobs/6387430,2025-10-04 17:20:35,True,False,False
GeekGroup,MS SQL Developer,Дистанційно,40 000 – 120 000 грн,https://www.work.ua/jobs/7156888,2025-10-04 17:20:28,True,False,False
B2bCase,Розробник (BAS Малий бізнес),Дистанційно,Не вказано,https://www.work.ua/jobs/3920115,2025-10-04 11:28:08,True,False,False
"Петров В.В., ФОП",Python Junior Developer,Дистанційно,Не вказано,https://www.work.ua/jobs/6702664,2025-10-03 16:54:07,False,False,False
OmIT Solutions,"Junior, Trainee Web Developer",Дистанційно,10 000 – 20 000 грн,https://www.work.ua/jobs/6178618,2025-10-03 14:00:52,False,False,False
"Team Play, Recruiting agency",Розробник 1C,Дистанційно,100 000 – 120 000 грн,https://www.work.ua/jobs/7221994,2025-10-03 13:45:55,True,True,False
Smart Tech Systems Limited,Delphi developer,Дистанційно,40 000 – 45 000 грн,https://www.work.ua/jobs/7220974,2025-10-03 11:26:34,True,False,False
81 ОАеМБр,"Програміст, військовослужбовець",Вся Україна,21 000 – 71 000 грн,https://www.work.ua/jobs/6565051,Не вказано,True,False,False
VY,"Full stack, WordPress developer",Дистанційно,Не вказано,https://www.work.ua/jobs/7219678,2025-10-02 21:11:07,False,False,False
PayFlow Solutions,"Вебмайстер, WordPress-розробник, програміст",Дистанційно,Не вказано,https://www.work.ua/jobs/7219192,2025-10-02 17:45:12,False,False,False
IT.Artel,Програміст C# (ERP IT-Enterprise),Дистанційно,Не вказано,https://www.work.ua/jobs/7062997,2025-10-02 17:16:57,True,False,False
Charity Lab Foundation,"React Developer (Middle/Senior, волонтерство)",Дистанційно,Не вказано,https://www.work.ua/jobs/5851652,2025-10-02 16:23:15,True,False,False
Charity Lab Foundation,"Back-end C#, .Net developer, волонтер",Дистанційно,Не вказано,https://www.work.ua/jobs/5601557,2025-10-02 16:23:07,True,False,False
Charity Lab Foundation,"Flutter Developer (Middle, Senior), волонтер",Дистанційно,Не вказано,https://www.work.ua/jobs/5851639,2025-10-02 16:22:56,True,False,False
"Дерябіна Н. Є., ФОП",Front-end Developer,Дистанційно,35 000 – 45 000 грн,https://www.work.ua/jobs/7091968,2025-10-02 16:10:08,False,False,False
"Огірок В. В., ФОП",Fullstack Developer,Дистанційно,58 000 – 62 000 грн,https://www.work.ua/jobs/7091410,2025-10-02 16:03:11,False,False,False
ProSoftStudio,"Розробник мобільних додатків, mobile developer software engineer",Дистанційно,35 000 – 55 000 грн,https://www.work.ua/jobs/7217257,2025-10-02 14:50:37,False,False,False
PSP Express,Програміст PHP (Senior),Дистанційно,Не вказано,https://www.work.ua/jobs/7052344,2025-10-02 13:58:52,True,False,True
"Енсіті, ТОВ","Програміст BAS, 1С",Дистанційно,65 000 грн,https://www.work.ua/jobs/2092164,2025-10-02 10:21:39,True,False,False
Ta-Da!,Програміст 1C,Дистанційно,Не вказано,https://www.work.ua/jobs/7214986,2025-10-02 10:00:09,True,False,False
Реарден Груп (EBS),Провідний програміст 1С/BAS,Дистанційно,80 000 – 110 000 грн,https://www.work.ua/jobs/4160037,2025-10-02 07:04:30,True,False,True
Liquidfish,"UI/UX Designer, Webflow developer",Дистанційно,60 000 – 90 000 грн,https://www.work.ua/jobs/7214086,2025-10-01 19:38:42,True,False,False
116 ОБр Сил ТрО,"Інженер-програміст БПЛА, фахівець з інтеграції та прошивки",Вся Україна,50 000 – 52 000 грн,https://www.work.ua/jobs/6834493,Не вказано,True,False,False
Designers,Full stack програміст,Дистанційно,Не вказано,https://www.work.ua/jobs/7213993,2025-10-01 18:58:37,False,False,False
SunCode Team,Strong Middle Back-end Developer (NodeJS),Дистанційно,37 800 – 63 000 грн,https://www.work.ua/jobs/7213600,2025-10-01 18:37:34,False,False,False
"Ю-Форсе, НВК, ТОВ","Embedded Developer, програміст мікроконтролерів ESP32, STM32",Дистанційно,Не вказано,https://www.work.ua/jobs/7212856,2025-10-01 16:53:14,True,False,False
"Rask, група компаній",Розробник-архітектор (BAS),Дистанційно,Не вказано,https://www.work.ua/jobs/7084027,2025-10-01 16:31:22,True,False,False
Viso,Junior Full Stack developer,Дистанційно,Не вказано,https://www.work.ua/jobs/5626902,2025-10-01 15:57:31,True,False,False
P4P,"C#, ASP.NET Core Developer",Дистанційно,20 000 – 40 000 грн,https://www.work.ua/jobs/7211995,2025-10-01 14:42:30,True,False,False
Job Advice Agency,Програміст 1C,Дистанційно,Не вказано,https://www.work.ua/jobs/7062121,2025-10-01 13:35:59,False,True,False
Rovex Telecom,"Розробник С, С++",Дистанційно,Не вказано,https://www.work.ua/jobs/7210204,2025-10-01 11:24:54,True,False,False
Davydov Consulting,Full Stack Java Script програміст,Дистанційно,15 000 – 17 000 грн,https://www.work.ua/jobs/4150903,2025-10-01 09:19:43,True,False,False
"Мельник О.І., ФОП (IT-компанія)","Junior Python Developer (AI, Django, API, Automation, Bots, Scrapers)",Дистанційно,20 000 – 30 000 грн,https://www.work.ua/jobs/7208953,2025-10-01 09:13:08,True,False,False
Kauri.One,Senior Python developer,Дистанційно,223 600 грн,https://www.work.ua/jobs/7208689,2025-09-30 23:33:06,False,False,False
Яхонт,Інженер-програміст АСУ ТП,Дистанційно,Не вказано,https://www.work.ua/jobs/7206883,2025-09-30 15:28:03,True,False,False
Concert.ua,ERP developer,Дистанційно,Не вказано,https://www.work.ua/jobs/6985834,2025-09-30 14:23:49,True,False,False
Go interactive!,Middle Full-Stack Developer (PHP/Angular),Дистанційно,Не вказано,https://www.work.ua/jobs/7205278,2025-09-30 12:31:56,True,False,False
"Азов, 12-та бригада спеціального призначення НГУ",Розробник Webflow,Вся Україна,27 000 – 127 000 грн,https://www.work.ua/jobs/6536071,Не вказано,True,False,False
CreditGo,Програміст PHP,Дистанційно,Не вказано,https://www.work.ua/jobs/7204006,2025-09-30 12:16:49,False,False,False
"Evocommerce, LTD","Full Stack developer (Laravel, PHP, e-commerce)",Дистанційно,Не вказано,https://www.work.ua/jobs/5961504,2025-09-30 11:16:19,True,False,False
Valmax,Middle Shopify Developer,Дистанційно,Не вказано,https://www.work.ua/jobs/7204534,2025-09-30 11:14:29,False,False,False
Інженум,"Програміст 1C, BAS",Дистанційно,55 000 – 85 000 грн,https://www.work.ua/jobs/3928458,2025-09-30 10:08:38,True,False,False
Finlite,Програміст 1C,Дистанційно,Не вказано,https://www.work.ua/jobs/6103485,2025-09-30 09:05:20,False,False,False
Actyc,Intermediate Mainframe Software Engineer,Дистанційно,Не вказано,https://www.work.ua/jobs/7202977,2025-09-29 19:09:26,True,False,False
Progressio agency,"Fullstack-розробник (Jquery, Laravel)",Дистанційно,20 000 – 40 000 грн,https://www.work.ua/jobs/6921208,2025-09-29 18:16:52,True,False,False
Netframe,Middle Odoo Developer,Дистанційно,Не вказано,https://www.work.ua/jobs/7200958,2025-09-29 15:20:32,True,False,False
StarDesignz,Middle PHP developer (Vue.js),Дистанційно,45 000 – 70 000 грн,https://www.work.ua/jobs/4539891,2025-09-29 15:02:00,True,False,False
"Баклушин А. С., ФОП",Fullstack PHP-розробник (WordPress),Дистанційно,20 000 – 45 000 грн,https://www.work.ua/jobs/7200298,2025-09-29 13:26:26,False,False,False
Car-rent UA,Front-end програміст,Дистанційно,20 000 – 35 000 грн,https://www.work.ua/jobs/7200106,2025-09-29 13:09:19,True,False,False
Український процесінговий центр,Програміст PL/SQL Oracle,Дистанційно,Не вказано,https://www.work.ua/jobs/6947947,2025-09-29 09:56:45,True,False,False
"Ві-Код, ТОВ",Програміст BAS,Дистанційно,Не вказано,https://www.work.ua/jobs/7061557,2025-09-29 08:06:32,True,False,False
Apex Arcade Studios,Unity-програміст (Junior),Дистанційно,10 000 – 30 000 грн,https://www.work.ua/jobs/7197820,2025-09-28 20:49:28,False,False,False
Військова частина А4862,"Інженер-програміст, військовослужбовець",Вся Україна,50 000 – 125 000 грн,https://www.work.ua/jobs/7007827,Не вказано,False,False,False
Evryka - Digital Innovatove Solutions,Intern Software Developer,Дистанційно,Не вказано,https://www.work.ua/jobs/5721460,2025-09-28 14:26:31,True,False,False
